route,type,status,ownerVerified,inSitemap
/panduan/apa-itu-building-maintenance,guide,review,false,false
/panduan/apa-itu-design-and-build,guide,review,false,false
/panduan/apa-itu-interior-fit-out,guide,review,false,false
/panduan/apa-itu-manajemen-konstruksi,guide,review,false,false
/panduan/apa-itu-pengawasan-proyek,guide,review,false,false
/panduan/apa-itu-value-engineering-konstruksi,guide,review,false,false
/panduan/biaya-bangun-cafe,guide,published,true,true
/panduan/biaya-bangun-gudang,guide,published,true,true
/panduan/biaya-bangun-kantor,guide,published,true,true
/panduan/biaya-bangun-klinik,guide,review,false,false
/panduan/biaya-bangun-kos,guide,published,true,true
/panduan/biaya-bangun-masjid,guide,published,true,true
/panduan/biaya-bangun-pabrik,guide,review,false,false
/panduan/biaya-bangun-restoran,guide,review,false,false
/panduan/biaya-bangun-ruko,guide,published,true,true
/panduan/biaya-bangun-rumah-per-meter,guide,published,true,true
/panduan/biaya-bangun-sekolah,guide,published,true,true
/panduan/biaya-renovasi-rumah,guide,published,true,true
/panduan/borongan-vs-harian-bangun-rumah,guide,published,true,true
/panduan/cara-membaca-rab-rumah,guide,published,true,true
/panduan/cara-memilih-kontraktor-renovasi,guide,published,true,true
/panduan/cara-memilih-kontraktor-rumah,guide,published,true,true
/panduan/cara-menghitung-anggaran-renovasi-rumah,guide,published,true,true
/panduan/cara-menghitung-biaya-bangun-rumah,guide,published,true,true
/panduan/checklist-inspeksi-gedung,guide,review,false,false
/panduan/checklist-persiapan-bangun-rumah,guide,published,true,true
/panduan/checklist-survei-sebelum-renovasi,guide,published,true,true
/panduan/contoh-panduan,guide,draft,false,false
/panduan/gambar-kerja-vs-gambar-desain,guide,review,false,false
/panduan/jadwal-preventive-maintenance-bangunan,guide,review,false,false
/panduan/keuntungan-design-and-build,guide,review,false,false
/panduan/kontrak-building-maintenance,guide,review,false,false
/panduan/kontrak-kerja-konstruksi-rumah,guide,published,true,true
/panduan/kontraktor-vs-tukang,guide,published,true,true
/panduan/koordinasi-arsitektur-struktur-mep,guide,review,false,false
/panduan/manajemen-konstruksi-vs-kontraktor,guide,review,false,false
/panduan/memperkuat-struktur-rumah-lama,guide,published,true,true
/panduan/owner-representative-proyek-konstruksi,guide,review,false,false
/panduan/pengendalian-biaya-proyek,guide,review,false,false
/panduan/pengendalian-cashflow-proyek,guide,review,false,false
/panduan/perawatan-atap-bangunan,guide,review,false,false
/panduan/perawatan-fasad-bangunan,guide,review,false,false
/panduan/perawatan-mep-bangunan,guide,review,false,false
/panduan/preventive-vs-corrective-maintenance,guide,review,false,false
/panduan/renovasi-atap-bocor,guide,published,true,true
/panduan/renovasi-dapur,guide,published,true,true
/panduan/renovasi-fasad-rumah,guide,published,true,true
/panduan/renovasi-kamar-mandi,guide,published,true,true
/panduan/renovasi-rumah-sambil-dihuni,guide,published,true,true
/panduan/renovasi-rumah-satu-jadi-dua-lantai,guide,published,true,true
/panduan/renovasi-total-vs-renovasi-sebagian,guide,published,true,true
/panduan/risiko-pembengkakan-biaya-renovasi,guide,published,true,true
/panduan/shop-drawing-konstruksi,guide,review,false,false
/panduan/tahapan-bangun-rumah-dari-nol,guide,published,true,true
/panduan/tahapan-proyek-bangunan-komersial,guide,published,true,true
/panduan/tanda-rumah-perlu-perkuatan-struktur,guide,published,true,true
/panduan/tugas-manajemen-konstruksi,guide,review,false,false
/panduan/value-engineering-untuk-mengendalikan-biaya,guide,review,false,false
/lp/bangun-rumah-surabaya,landing,review,false,false
/lp/building-maintenance,landing,review,false,false
/lp/manajemen-konstruksi,landing,review,false,false
/lp/renovasi-rumah-surabaya,landing,review,false,false
/wilayah/contoh-wilayah,location,draft,false,false
/wilayah/gresik,location,review,false,false
/wilayah/jawa-timur,location,review,false,false
/wilayah/lamongan,location,review,false,false
/wilayah/malang,location,review,false,false
/wilayah/mojokerto,location,review,false,false
/wilayah/pasuruan,location,review,false,false
/wilayah/sidoarjo,location,review,false,false
/wilayah/surabaya,location,review,false,false
/cara-kerja,page,published,true,true
/faq,page,published,true,true
/,page,published,true,true
/konsultasi-proyek,page,published,true,true
/kontak,page,published,true,true
/layanan,page,published,true,true
/mengapa-arkavena,page,published,true,true
/panduan,page,published,true,true
/proyek,page,review,false,false
/sektor,page,published,true,true
/tentang,page,published,true,true
/wilayah,page,published,true,true
/proyek/hunian-lamongan-2022,project,review,false,false
/proyek/kos-dau-malang-2020,project,review,false,false
/proyek/kos-sidoarjo-2023-2026,project,review,false,false
/proyek/kos-surabaya-2023-2026,project,review,false,false
/proyek/perumahan-karangploso-malang-2018,project,review,false,false
/proyek/rumah-tinggal-malang-kota-2019,project,review,false,false
/proyek/rumah-tinggal-solo-2024,project,review,false,false
/sektor/cafe,sector,published,true,true
/sektor/contoh-sektor,sector,draft,false,false
/sektor/gudang,sector,published,true,true
/sektor/hotel,sector,published,true,true
/sektor/kantor,sector,published,true,true
/sektor/klinik,sector,published,true,true
/sektor/kos,sector,published,true,true
/sektor/masjid,sector,published,true,true
/sektor/pabrik,sector,published,true,true
/sektor/restoran,sector,published,true,true
/sektor/ruko,sector,published,true,true
/sektor/rumah-tinggal,sector,published,true,true
/sektor/sekolah,sector,published,true,true
/sektor/showroom-retail,sector,published,true,true
/sektor/villa,sector,published,true,true
/layanan/audit-biaya-proyek,service,published,true,true
/layanan/bangun-bangunan-komersial,service,published,true,true
/layanan/bangun-rumah,service,published,true,true
/layanan/building-maintenance,service,published,true,true
/layanan/contoh-layanan,service,draft,false,false
/layanan/corrective-maintenance-bangunan,service,published,true,true
/layanan/design-and-build,service,published,true,true
/layanan/estimasi-biaya-konstruksi,service,published,true,true
/layanan/interior-fit-out,service,published,true,true
/layanan/manajemen-konstruksi,service,published,true,true
/layanan/owner-representative,service,published,true,true
/layanan/pengawasan-proyek,service,published,true,true
/layanan/pengendalian-biaya-proyek,service,published,true,true
/layanan/pengendalian-cashflow-proyek,service,published,true,true
/layanan/pengendalian-jadwal-proyek,service,published,true,true
/layanan/penyusunan-rab,service,published,true,true
/layanan/preventive-maintenance-bangunan,service,published,true,true
/layanan/quality-control-konstruksi,service,published,true,true
/layanan/renovasi-bangunan-komersial,service,published,true,true
/layanan/renovasi-rumah,service,published,true,true
/layanan/value-engineering,service,published,true,true
